wavelength_nm,Rs,Rp,Ts,Tp
380,0.935,0.935,0.045,0.045
420,0.935,0.935,0.045,0.045
460,0.934987,0.934997,0.045013,0.045003
500,0.933869,0.934761,0.046106,0.045234
530,0.904344,0.928349,0.074967,0.051502
550,0.714579,0.877177,0.260468,0.101523
560,0.49,0.779886,0.48,0.196628
567,0.325171,0.654829,0.641125,0.318875
575,0.186394,0.465303,0.776784,0.504142
584,0.102823,0.265421,0.858477,0.699532
600,0.055331,0.091908,0.904902,0.869146
630,0.045373,0.046763,0.914636,0.913277
660,0.045013,0.045063,0.914987,0.914938
700,0.045,0.045001,0.915,0.914999
750,0.045,0.045,0.915,0.915
800,0.045,0.045,0.915,0.915
900,0.045,0.045,0.915,0.915
1000,0.045,0.045,0.915,0.915
1100,0.045,0.045,0.915,0.915
